target_pct,customers,churn_rate,lift,captured_churner
0.1,1000,0.872,4.166268514094601,0.4166268514094601
0.2,2000,0.7085,3.3850931677018634,0.6770186335403726
0.3,3000,0.5723333333333334,2.7345118649466476,0.8203535594839942
