selection,threshold,precision,recall,f1,roc_auc,pr_auc
threshold_0.50,0.5,0.5716661124043898,0.8213091256569517,0.6741176470588235,0.9065290234039993,0.7641538731142117
threshold_0.66,0.66,0.6392379408188082,0.7534639273769709,0.6916666666666667,0.9065290234039993,0.7641538731142117
